"p_val","avg_log2FC","pct.1","pct.2","p_val_adj","cluster","gene"
0,3.36795990528603,0.401,0.027,0,"0","DEPRECATED-ENSG00000276085"
4.47069466426454e-190,2.98413246137545,0.294,0.049,8.49119037583764e-186,"0","IGHA1"
0,2.82422641261174,0.822,0.134,0,"0","CCL3"
5.24374745956732e-159,2.7826821291219,0.585,0.21,9.9594495499562e-155,"0","IGKC"
0,2.67799831195469,0.289,0.021,0,"0","CCL3L1"
2.2015805814179e-135,2.61840185088187,0.484,0.162,4.18146199828701e-131,"0","IGHG1"
0,2.59216571495179,0.736,0.102,0,"0","COL20A1"
0,2.47572600799298,1,0.365,0,"0","STAB1"
0,2.46894447518954,1,0.586,0,"0","SELENOP"
0,2.45089926679754,0.716,0.12,0,"0","EGR2"
0,4.73307896305316,0.988,0.393,0,"1","COL1A1"
0,4.72787919263419,0.994,0.419,0,"1","COL3A1"
0,4.31925068121472,0.95,0.375,0,"1","COL1A2"
0,3.77799294184089,0.711,0.153,0,"1","COL6A3"
0,3.17425710583782,0.943,0.483,0,"1","COL4A2"
0,2.95063599605362,0.907,0.425,0,"1","COL4A1"
0,2.81792857933226,0.799,0.357,0,"1","COL6A2"
5.38963869189362e-256,2.69507448272859,0.56,0.183,1.02365407675135e-251,"1","COL5A1"
0,2.65938417231198,0.99,0.748,0,"1","FN1"
6.4460720503304e-120,2.64924033812425,0.368,0.138,1.22430246451925e-115,"1","FBLN2"
1.21963691808838e-141,2.41078571383745,0.279,0.063,2.31645639852525e-137,"2","CTAGE6"
0,2.40683331458988,0.779,0.219,0,"2","IL26"
0,2.37595882865854,0.798,0.219,0,"2","CXCL8"
3.69489864219494e-141,2.37247109669655,0.287,0.067,7.01772099112084e-137,"2","CFHR4"
2.69068357321027e-135,2.36930822230469,0.26,0.057,5.11041531059826e-131,"2","ANGPTL3"
2.16874091850359e-161,2.31482806305404,0.311,0.07,4.11908962651387e-157,"2","UTS2"
2.56600379470338e-132,2.29221688933095,0.287,0.071,4.87361100728013e-128,"2","OR4K15"
2.92814881620016e-129,2.29106018663356,0.291,0.075,5.56143304660897e-125,"2","AL445238.1"
2.47371239060282e-176,2.2542010125277,0.463,0.152,4.69832194347193e-172,"2","G0S2"
1.89536884826256e-174,2.25122910732236,0.364,0.09,3.59987405350508e-170,"2","GNGT1"
1.5468245059139e-88,1.91598159885173,0.454,0.237,2.93788378408226e-84,"3","IL22"
1.75708048247411e-103,1.84197375831807,0.5,0.256,3.33722296036307e-99,"3","IL26"
3.83083967648937e-27,1.73144807238943,0.348,0.261,7.27591379755626e-23,"3","DEPRECATED-ENSG00000183791"
1.24824830939441e-14,1.55057350216593,0.288,0.232,2.37079801403281e-10,"3","AC134684.9"
5.71553621984894e-14,1.48847436538344,0.29,0.235,1.08555179423591e-09,"3","POTEM"
6.18788861655687e-21,1.4827217286081,0.412,0.377,1.17526568494265e-16,"3","NUP107"
1.36396857948194e-30,1.45978357306661,0.395,0.299,2.59058552301004e-26,"3","AC084121.12"
3.25905173576001e-16,1.45727422912534,0.433,0.447,6.18991696172899e-12,"3","SZRD1"
9.26206133617337e-22,1.45367789771782,0.351,0.276,1.75914330957941e-17,"3","TAF11L9"
1.68519287224542e-43,1.45103121608506,0.509,0.42,3.20068682225573e-39,"3","USP17L15"
0,3.06404094881831,0.996,0.206,0,"4","CRYM"
0,2.98553594080999,0.956,0.146,0,"4","NECAB2"
0,2.84978115613096,0.828,0.096,0,"4","CALB2"
0,2.71746223640949,1,0.486,0,"4","ENC1"
0,2.70475912389847,0.986,0.215,0,"4","VSTM2A"
0,2.68919995156758,0.966,0.208,0,"4","LAMP5"
0,2.59842054440432,0.991,0.243,0,"4","GABRA1"
0,2.57336463382596,1,0.308,0,"4","NPTXR"
0,2.55487885219269,1,0.285,0,"4","CREG2"
0,2.54935705597876,0.999,0.308,0,"4","NSG2"
1.4668567033159e-47,1.67662535939625,0.366,0.189,2.78600093660789e-43,"5","HBB"
2.59378786666968e-87,1.55308627776056,0.614,0.356,4.92638129516573e-83,"5","DEPRECATED-ENSG00000244734"
1.01659243581437e-69,1.43457340036585,0.68,0.588,1.93081401334224e-65,"5","TP53INP2"
2.46854451416966e-25,1.35506401726861,0.421,0.314,4.68850659576244e-21,"5","HBA1"
1.50002538527171e-28,1.35449857973082,0.41,0.279,2.84899821424655e-24,"5","HBA2"
4.80129485207104e-17,1.29384044598937,0.41,0.351,9.11909931253853e-13,"5","APOC1"
6.73657790673172e-18,1.27687067399796,0.333,0.236,1.27947824182556e-13,"5","HIST1H1B"
2.90277898809159e-42,1.25826079596296,0.405,0.239,5.51324813208235e-38,"5","IGKC"
1.35351413514177e-174,1.25018834974782,0.998,0.938,2.57072939687477e-170,"5","MBP"
2.5816697193049e-41,1.24046905692434,0.343,0.186,4.90336529787579e-37,"5","IGHG1"
1.93576762001185e-34,1.28934215548802,0.512,0.355,3.6766034406885e-30,"6","RAPGEF4"
1.37011020667213e-97,1.13741337084013,0.862,0.512,2.60225031553237e-93,"6","KIF5A"
7.65497292239505e-54,1.08205606146327,0.68,0.422,1.45390900715049e-49,"6","NCS1"
2.46356801357687e-21,1.03162800755715,0.434,0.285,4.67905472818656e-17,"6","SLC17A7"
2.87470662112132e-50,1.03127472892879,0.658,0.405,5.45993028549572e-46,"6","FBXL16"
6.06620321550689e-26,1.00407946026695,0.513,0.358,1.15215397672122e-21,"6","SNCG"
1.58483538285565e-34,0.993672877994166,0.518,0.312,3.01007784265773e-30,"6","CHGA"
7.40371457959375e-07,0.992374705703885,0.362,0.326,0.0140618751010224,"6","FBXO41"
2.27340427011531e-20,0.989108139147837,0.416,0.28,4.31787673023001e-16,"6","HBA2"
0.000268518489834309,0.985143990956159,0.344,0.33,1,"6","TSPOAP1"
0,3.76651924018048,0.992,0.561,0,"7","VEGFA"
0,3.60217900342477,0.932,0.311,0,"7","HILPDA"
0,3.4952284996353,0.835,0.204,0,"7","ANGPTL4"
0,3.49050931828691,0.754,0.108,0,"7","CA12"
0,3.31376115147966,0.639,0.074,0,"7","CA9"
1.33024480033819e-295,3.18886306350324,0.794,0.245,2.52653394928233e-291,"7","GBE1"
0,3.16540330671625,0.728,0.124,0,"7","LOX"
5.80715867407129e-286,3.09774257967748,0.55,0.092,1.10295364696636e-281,"7","PFKFB4"
2.24932763538509e-216,3.09680278696797,0.389,0.056,4.27214797788691e-212,"7","ADAM8"
1.59874702337769e-318,3.08758021709377,0.85,0.26,3.03650022150125e-314,"7","ADM"
0,2.90268930605523,0.99,0.247,0,"8","CLSTN2"
0,2.66164151280104,1,0.416,0,"8","SYT1"
0,2.6060243252546,0.95,0.2,0,"8","SLIT1"
0,2.58345029389446,0.992,0.247,0,"8","SH3GL2"
0,2.55665500542768,1,0.399,0,"8","STMN2"
0,2.4895904518099,0.994,0.27,0,"8","DIRAS2"
0,2.48741697426567,1,0.324,0,"8","SYN2"
0,2.46591006489037,0.895,0.163,0,"8","GABRA5"
0,2.45628773437319,0.524,0.055,0,"8","CPNE9"
0,2.45265322500465,0.985,0.23,0,"8","SV2B"
1.83496061886043e-261,2.8815787864548,0.865,0.333,3.48514070340162e-257,"9","OPALIN"
6.30140098350405e-278,2.47553439851184,0.971,0.627,1.19682508879693e-273,"9","CERCAM"
2.10884429497632e-288,2.44100718659413,0.985,0.662,4.00532796944853e-284,"9","SCD"
8.607310063647e-191,2.21255559862027,0.867,0.461,1.63478640038847e-186,"9","PIP4K2A"
1.9729242372096e-238,2.17447718859895,0.942,0.51,3.7471750037322e-234,"9","ERMN"
6.61566831428338e-142,2.17142889648411,0.686,0.253,1.25651388293184e-137,"9","ST18"
2.72409173090026e-258,2.16616562929893,0.978,0.595,5.17386742449887e-254,"9","MOBP"
3.80072026934605e-240,2.15165789779681,0.953,0.582,7.21870800756896e-236,"9","TF"
1.0749123073348e-218,2.15063538308473,0.929,0.521,2.04158094532098e-214,"9","TMEM144"
6.30070708532301e-172,2.10349855484706,0.852,0.433,1.1966932967154e-167,"9","LPAR1"
4.76981347865384e-161,2.53538560634288,0.378,0.05,9.05930674000724e-157,"10","COL4A6"
1.96317812363589e-51,2.4909705465184,0.282,0.077,3.72866421022166e-47,"10","PPDPFL"
7.62995447989157e-178,2.28600713324353,0.444,0.062,1.44915725436581e-173,"10","TMSB15A"
1.01403103490697e-175,2.27018153605481,0.505,0.082,1.92594914459881e-171,"10","CENPF"
4.1966843688523e-214,2.26947253940398,0.69,0.131,7.97076262176118e-210,"10","TOP2A"
7.03794462513007e-233,2.22851663881299,0.88,0.218,1.33671682265095e-228,"10","HIST1H1B"
2.62806909196093e-184,2.10322548149289,1,0.795,4.9914916263614e-180,"10","MDM2"
8.83796125039234e-171,2.09635682955734,0.634,0.137,1.67859398028702e-166,"10","EZH2"
4.25079184523504e-182,2.05871129770337,0.831,0.243,8.07352895165492e-178,"10","HIST1H1D"
3.70637922542631e-146,2.04767722315236,0.509,0.1,7.03952606285219e-142,"10","CRABP1"
9.22159006840387e-243,4.49198254166696,0.543,0.077,1.75145660169195e-238,"11","MYH11"
1.66783633031632e-113,3.69907519109051,0.719,0.321,3.16772154216979e-109,"11","ADAMTS1"
4.32660090933313e-215,3.54789619986876,0.626,0.122,8.21751310709642e-211,"11","RELN"
1.74803339161395e-115,3.49749895220193,0.586,0.187,3.32003982069237e-111,"11","ACTA2"
4.39057232039025e-207,3.39310652443297,0.95,0.486,8.33901400811719e-203,"11","NR4A1"
1.49245530205618e-106,3.23216763174783,0.314,0.053,2.8346203551953e-102,"11","DEPRECATED-ENSG00000107796"
4.26183852261865e-95,3.10227971710784,0.724,0.35,8.0945099060096e-91,"11","MYL9"
5.69260150202261e-71,3.08648001669555,0.374,0.11,1.08119580327915e-66,"11","FHL5"
1.73491533781289e-87,3.02479953538124,0.64,0.282,3.29512470110802e-83,"11","C11orf96"
6.49629356757962e-77,3.01121161076917,0.44,0.143,1.2338410372904e-72,"11","DUSP5"
1.77550921995283e-201,2.37954787221142,0.799,0.181,3.37222466145642e-197,"12","WIF1"
3.6207150746808e-139,2.3119687220373,0.59,0.13,6.87682414134125e-135,"12","DEPRECATED-ENSG00000100285"
3.86899897103978e-105,2.19505461059384,0.421,0.085,7.34838974569585e-101,"12","TNNT2"
1.86427083113823e-187,2.13149127553822,0.962,0.348,3.54080958958084e-183,"12","SNCG"
6.85089953021864e-124,2.07500729924939,0.582,0.14,1.30119134777443e-119,"12","SLC6A7"
2.26762366299195e-177,2.05759901324422,0.997,0.494,4.30689762312062e-173,"12","SLC1A2"
2.4366963156724e-188,2.04100923700658,0.973,0.303,4.62801731235658e-184,"12","CHGA"
5.03193066002933e-149,2.02723812750881,0.735,0.185,9.55714590259371e-145,"12","CKMT1A"
7.60396125878576e-198,2.02313137921477,1,0.521,1.44422036188118e-193,"12","KIF5A"
2.62945776360105e-121,2.0021899643935,0.601,0.155,4.99412913040747e-117,"12","BICDL1"
2.65043802253306e-190,4.17350979691354,0.777,0.194,5.03397693619704e-186,"13","NPY"
2.03242492676154e-70,2.58548802793544,0.355,0.086,3.86018466339819e-66,"13","NOS1"
9.47273658473289e-202,2.33499115298315,0.969,0.339,1.79915685953832e-197,"13","OPALIN"
6.48255809686505e-129,2.25350859550471,0.496,0.095,1.23123225933758e-124,"13","CPLX3"
7.99892200560421e-191,2.04001527587058,1,0.667,1.51923525652441e-186,"13","SCD"
5.01598789803299e-42,1.93275266216817,0.569,0.252,9.52686581473406e-38,"13","SST"
7.03079502594792e-168,1.85533571425591,1,0.633,1.33535889927829e-163,"13","CERCAM"
5.97074266338501e-130,1.71728845689669,0.946,0.397,1.13402315405671e-125,"13","AQP1"
2.51540546680595e-138,1.69892215159449,0.977,0.464,4.77750960310454e-134,"13","PIP4K2A"
1.72814408040582e-127,1.67982674629036,0.907,0.36,3.28226405191477e-123,"13","HHATL"
